review_decision,seed_name,resolved_google_name,google_types,google_maps_url,google_place_id,highway_name,route_context,region,proxy_type,cleanliness_tier,source_category,restroom_confidence,distance_from_highway_meters,local_notes,source_evidence,id,matched_at,updated_at
,Cube Stop,Agra - Lucknow Expy Flyover,bridge|transportation_service|point_of_interest|establishment,https://maps.google.com/?cid=9223675454111322409&g_mp=CiVnb29nbGUubWFwcy5wbGFjZXMudjEuUGxhY2VzLkdldFBsYWNlEAIYBCAA,ChIJOfmVFABvdDkRKZHL1fQTAYA,Agra-Lucknow Expressway,Agra-Lucknow,North India,wayside_amenity,tier_1,official_wayside_amenity,0.9,71,Rejected false-positive Google match: seed did not match resolved place name | Cube Highways amenity with dedicated Wash Stop,Cube Highways amenity with dedicated Wash Stop,cfc14a78-9e7b-4d34-a387-979e97055b5f,2026-05-10T18:59:28.876+00:00,2026-05-10T18:59:28.876+00:00
,Cube Stop,"Crossword, SG Road, Ahmedabad",book_store|store|point_of_interest|establishment,https://maps.google.com/?cid=13240886553192811287&g_mp=CiVnb29nbGUubWFwcy5wbGFjZXMudjEuUGxhY2VzLkdldFBsYWNlEAIYBCAA,ChIJA-0U-kebXjkRF8tNuioUwbc,Sarkhej-Gandhinagar Highway,Ahmedabad-Gandhinagar,North & West India,wayside_amenity,tier_1,official_wayside_amenity,0.9,181,Rejected false-positive Google match: seed did not match resolved place name | Cube Highways amenity with dedicated Wash Stop,Cube Highways amenity with dedicated Wash Stop,f1ca271e-0491-426d-b9f8-a399b624f71c,2026-05-10T18:59:28.876+00:00,2026-05-10T18:59:28.876+00:00
,Cube Stop,The Roof Top Restaurant,indian_restaurant|restaurant|food|point_of_interest|establishment,https://maps.google.com/?cid=6430639602133138349&g_mp=CiVnb29nbGUubWFwcy5wbGFjZXMudjEuUGxhY2VzLkdldFBsYWNlEAIYBCAA,ChIJFQn9RiT9jDkRrXu0q6U4Plk,NH-19,Aurangabad Bihar,East & Central India,wayside_amenity,tier_1,official_wayside_amenity,0.9,314,Rejected false-positive Cube Stop match: Google resolved to unrelated place name,Cube Highways amenity with dedicated Wash Stop,ed19a477-00d6-47ca-8b0e-f217ae6e083e,2026-05-10T02:53:25.822+00:00,2026-05-10T09:24:00.463+00:00
,Cube Stop,Icecube Digital,point_of_interest|service|establishment,https://maps.google.com/?cid=14570569301972849292&g_mp=CiVnb29nbGUubWFwcy5wbGFjZXMudjEuUGxhY2VzLkdldFBsYWNlEAIYBCAA,ChIJKcXDatmbXjkRjJJN-5QPNco,Sarkhej-Gandhinagar Highway,Ahmedabad-Gandhinagar,North & West India,wayside_amenity,tier_1,official_wayside_amenity,0.9,318,Rejected false-positive Cube Stop match: Google resolved to unrelated place name,Cube Highways amenity with dedicated Wash Stop,d00e351b-a763-4350-b31c-4245142a36b3,2026-05-10T02:53:25.822+00:00,2026-05-10T09:24:00.463+00:00
,Cube Stop,BERRIES HILLS,family_restaurant|restaurant|food|point_of_interest|establishment,https://maps.google.com/?cid=16791995790088866432&g_mp=CiVnb29nbGUubWFwcy5wbGFjZXMudjEuUGxhY2VzLkdldFBsYWNlEAIYBCAA,ChIJIcaMfABHCTkRgAoaCjQnCek,NH-58,Delhi-Haridwar,North India,wayside_amenity,tier_1,official_wayside_amenity,0.9,438,Rejected false-positive Cube Stop match: Google resolved to unrelated place name,Cube Highways amenity with dedicated Wash Stop,62a49dbe-b32f-4278-9612-030aa8a7e5ac,2026-05-10T02:53:25.822+00:00,2026-05-10T09:24:00.463+00:00
,Cube Stop,"Magson - Gandhinagar, Infocity",chocolate_shop|health_food_store|candy_store|ice_cream_shop|dessert_shop|confectionery|grocery_store|food_store|restaurant|food|store|health|point_of_interest|establishment,https://maps.google.com/?cid=11438947707408752271&g_mp=CiVnb29nbGUubWFwcy5wbGFjZXMudjEuUGxhY2VzLkdldFBsYWNlEAIYBCAA,ChIJZyqE4jkqXDkRjx5ecFVOv54,Sarkhej-Gandhinagar Highway,Ahmedabad-Gandhinagar,North & West India,wayside_amenity,tier_1,official_wayside_amenity,0.9,484,Rejected false-positive Cube Stop match: Google resolved to unrelated place name,Cube Highways amenity with dedicated Wash Stop,2a4987eb-9df3-43fd-820c-e8a85027104a,2026-05-10T02:53:25.822+00:00,2026-05-10T09:24:00.463+00:00
,Cube Stop,National Highway 6,route,"https://maps.google.com/?q=NH6,+Shillong,+Meghalaya,+India&ftid=0x375af449fa5ee231:0x9117bc2b3b6b218a&g_mp=CiVnb29nbGUubWFwcy5wbGFjZXMudjEuUGxhY2VzLkdldFBsYWNlEAIYBCAA",Eh9OSDYsIFNoaWxsb25nLCBNZWdoYWxheWEsIEluZGlhIi4qLAoUChIJMeJe-kn0WjcRiiFrOyu8F5ESFAoSCX8gvTSPflA3ESuIjxD3LUhi,NH-6,Guwahati-Shillong,North-East India,wayside_amenity,tier_1,official_wayside_amenity,0.9,528,Rejected false-positive Cube Stop match: Google resolved to unrelated place name,Cube Highways amenity with dedicated Wash Stop,11bb76a7-05a9-4302-a5b7-1c6ce2585695,2026-05-10T02:53:25.822+00:00,2026-05-10T09:24:00.463+00:00
,Cube Stop,NEW MUSTAK HOTEL,restaurant|food|point_of_interest|establishment,https://maps.google.com/?cid=3205267888710519420&g_mp=CiVnb29nbGUubWFwcy5wbGFjZXMudjEuUGxhY2VzLkdldFBsYWNlEAIYBCAA,ChIJewzYpn-59jkRfIqOnClmeyw,NH-19,Govindpur Jharkhand,East & Central India,wayside_amenity,tier_1,official_wayside_amenity,0.9,648,Rejected false-positive Cube Stop match: Google resolved to unrelated place name,Cube Highways amenity with dedicated Wash Stop,d9b0bac6-c490-4fe8-84e1-a4d74c6cf1db,2026-05-10T02:53:25.822+00:00,2026-05-10T09:24:00.463+00:00
,Cube Stop,S G Business Hub,shopping_mall|point_of_interest|establishment,https://maps.google.com/?cid=8252730804131850365&g_mp=CiVnb29nbGUubWFwcy5wbGFjZXMudjEuUGxhY2VzLkdldFBsYWNlEAIYBCAA,ChIJmwVU0zGDXjkRfegzB_GWh3I,Sarkhej-Gandhinagar Highway,Ahmedabad-Gandhinagar,North & West India,wayside_amenity,tier_1,official_wayside_amenity,0.9,919,Rejected false-positive Cube Stop match: Google resolved to unrelated place name,Cube Highways amenity with dedicated Wash Stop,47ab56a1-4c13-43a2-9903-8aadf4507b60,2026-05-10T02:53:25.822+00:00,2026-05-10T09:24:00.463+00:00
,Cube Stop,M Cube Practical Classes,educational_institution|point_of_interest|establishment,https://maps.google.com/?cid=561544529753077974&g_mp=CiVnb29nbGUubWFwcy5wbGFjZXMudjEuUGxhY2VzLkdldFBsYWNlEAIYBCAA,ChIJcz-U3yiDXjkR1vh-TcYBywc,Sarkhej-Gandhinagar Highway,Ahmedabad-Gandhinagar,North & West India,wayside_amenity,tier_1,official_wayside_amenity,0.9,1201,Rejected false-positive Cube Stop match: Google resolved to unrelated place name,Cube Highways amenity with dedicated Wash Stop,bfc99429-5ee4-47a4-95ff-d63642fe3a95,2026-05-10T02:53:25.822+00:00,2026-05-10T09:24:00.463+00:00
,Cube Stop,SHASHWAT RESTAURANT & BANQUET HALL,fine_dining_restaurant|banquet_hall|vegetarian_restaurant|event_venue|restaurant|food|point_of_interest|establishment,https://maps.google.com/?cid=16525563505499839856&g_mp=CiVnb29nbGUubWFwcy5wbGFjZXMudjEuUGxhY2VzLkdldFBsYWNlEAIYBCAA,ChIJKTv2TwD9jDkRcB16unOYVuU,NH-19,Aurangabad Bihar,East & Central India,wayside_amenity,tier_1,official_wayside_amenity,0.9,1423,Rejected false-positive Cube Stop match: Google resolved to unrelated place name,Cube Highways amenity with dedicated Wash Stop,ba3005ed-ab38-4d41-a000-6f0f18c3152e,2026-05-10T02:53:25.822+00:00,2026-05-10T09:24:00.463+00:00
,Cube Stop,Hotel Highway King Bagru,hotel|fast_food_restaurant|lodging|restaurant|food|point_of_interest|establishment,https://maps.google.com/?cid=12832506692146283673&g_mp=CiVnb29nbGUubWFwcy5wbGFjZXMudjEuUGxhY2VzLkdldFBsYWNlEAIYBCAA,ChIJdxz0sEtIbDkRmcQz09g4FrI,NH-48,Jaipur-Ajmer,North & West India,wayside_amenity,tier_1,official_wayside_amenity,0.9,1513,Rejected false-positive Cube Stop match: Google resolved to unrelated place name,Cube Highways amenity with dedicated Wash Stop,23df1fd5-90d2-47fa-8ce1-e6fd27dadf43,2026-05-10T02:53:25.822+00:00,2026-05-10T09:24:00.463+00:00
,Cube Stop,Bikano Restaurant / Bikanervala (Magic Food Zone),fast_food_restaurant|breakfast_restaurant|cafe|restaurant|food|point_of_interest|establishment,https://maps.google.com/?cid=5897068994955015421&g_mp=CiVnb29nbGUubWFwcy5wbGFjZXMudjEuUGxhY2VzLkdldFBsYWNlEAIYBCAA,ChIJwwM92IFvczkR_XRDxAGZ1lE,Yamuna Expressway,Greater Noida-Agra,North India,wayside_amenity,tier_1,official_wayside_amenity,0.9,1530,Rejected false-positive Google match: seed did not match resolved place name | Cube Highways amenity with dedicated Wash Stop,Cube Highways amenity with dedicated Wash Stop,77309ae0-05c9-43ad-b4cd-862211599a6d,2026-05-10T18:59:28.876+00:00,2026-05-10T18:59:28.876+00:00
,Cube Stop,Rooftop Restaurant,restaurant|food|point_of_interest|establishment,https://maps.google.com/?cid=14803290156457605668&g_mp=CiVnb29nbGUubWFwcy5wbGFjZXMudjEuUGxhY2VzLkdldFBsYWNlEAIYBCAA,ChIJfbDw8IlHCTkRJDqxUvfZb80,NH-58,Delhi-Haridwar,North India,wayside_amenity,tier_1,official_wayside_amenity,0.9,1555,Rejected false-positive Cube Stop match: Google resolved to unrelated place name,Cube Highways amenity with dedicated Wash Stop,ea46a485-7597-4ae9-88e4-5a5a287575c9,2026-05-10T02:53:25.822+00:00,2026-05-10T09:24:00.463+00:00
,Cube Stop,Fun Blast - SBR | Trampoline Park | Kids Soft Play | Bowling | Arcade Games | Haunted House,amusement_park|amusement_center|point_of_interest|establishment,https://maps.google.com/?cid=5664437019490520822&g_mp=CiVnb29nbGUubWFwcy5wbGFjZXMudjEuUGxhY2VzLkdldFBsYWNlEAIYBCAA,ChIJAb5zcHybXjkR9g5OL3UfnE4,Sarkhej-Gandhinagar Highway,Ahmedabad-Gandhinagar,North & West India,wayside_amenity,tier_1,official_wayside_amenity,0.9,1646,Rejected false-positive Google match: seed did not match resolved place name | Cube Highways amenity with dedicated Wash Stop,Cube Highways amenity with dedicated Wash Stop,04acda92-92b4-4e64-b00f-f0ff7fa45bdb,2026-05-10T18:59:28.876+00:00,2026-05-10T18:59:28.876+00:00
,Cube Stop,Puno Advance - Bowling | V.R. games | Family Entertainment Center | Gaming Zone | Fun Places,amusement_park|adventure_sports_center|amusement_center|video_arcade|bowling_alley|sports_club|association_or_organization|sports_complex|sports_activity_location|point_of_interest|service|establishment,https://maps.google.com/?cid=17105108356441605615&g_mp=CiVnb29nbGUubWFwcy5wbGFjZXMudjEuUGxhY2VzLkdldFBsYWNlEAIYBCAA,ChIJg5nqvQn9mzkR74VEZmyNYe0,Agra-Lucknow Expressway,Agra-Lucknow,North India,wayside_amenity,tier_1,official_wayside_amenity,0.9,1710,Rejected false-positive Google match: seed did not match resolved place name | Cube Highways amenity with dedicated Wash Stop,Cube Highways amenity with dedicated Wash Stop,6647acef-0160-4c47-8f41-51751cfea235,2026-05-10T18:59:28.876+00:00,2026-05-10T18:59:28.876+00:00
,Cube Stop,Hoshiyarpuri,north_indian_restaurant|pakistani_restaurant|vegetarian_restaurant|indian_restaurant|restaurant|food|point_of_interest|establishment,https://maps.google.com/?cid=16294371491072248155&g_mp=CiVnb29nbGUubWFwcy5wbGFjZXMudjEuUGxhY2VzLkdldFBsYWNlEAIYBCAA,ChIJa0sMmARHCTkRWwmdM4o8IeI,NH-58,Delhi-Haridwar,North India,wayside_amenity,tier_1,official_wayside_amenity,0.9,1740,Rejected false-positive Cube Stop match: Google resolved to unrelated place name,Cube Highways amenity with dedicated Wash Stop,feeaa78d-4d46-477c-ae80-748fdc6ec256,2026-05-10T02:53:25.822+00:00,2026-05-10T09:24:00.463+00:00
,Cube Stop,Mangeram chole kulche,indian_restaurant|family_restaurant|restaurant|food|point_of_interest|establishment,https://maps.google.com/?cid=16830745945262108113&g_mp=CiVnb29nbGUubWFwcy5wbGFjZXMudjEuUGxhY2VzLkdldFBsYWNlEAIYBCAA,ChIJF6brBepHCTkR0a0xnEPSkuk,NH-58,Delhi-Haridwar,North India,wayside_amenity,tier_1,official_wayside_amenity,0.9,1802,Rejected false-positive Cube Stop match: Google resolved to unrelated place name,Cube Highways amenity with dedicated Wash Stop,5fe6249c-7200-43cc-baea-f60593cc9dac,2026-05-10T02:53:25.822+00:00,2026-05-10T09:24:00.463+00:00
,Cube Stop,Megham: The rooftop restaurant & cafe,restaurant|food|point_of_interest|establishment,https://maps.google.com/?cid=6715846128334069076&g_mp=CiVnb29nbGUubWFwcy5wbGFjZXMudjEuUGxhY2VzLkdldFBsYWNlEAIYBCAA,ChIJ7W5l8p1HCTkRVN2IvXh6M10,NH-58,Delhi-Haridwar,North India,wayside_amenity,tier_1,official_wayside_amenity,0.9,1911,Rejected false-positive Cube Stop match: Google resolved to unrelated place name,Cube Highways amenity with dedicated Wash Stop,92eab365-0fda-4896-b5d4-6d4c2fae4c21,2026-05-10T02:53:25.822+00:00,2026-05-10T09:24:00.463+00:00
,Expressway rest area,Refreshment Zone,rest_stop|point_of_interest|establishment,https://maps.google.com/?cid=2454460545570460202&g_mp=CiVnb29nbGUubWFwcy5wbGFjZXMudjEuUGxhY2VzLkdldFBsYWNlEAIYBCAA,ChIJ_9plO-tvczkRKlLwpdz-DyI,Yamuna Expressway,Greater Noida-Agra,North India,wayside_amenity,tier_1,official_wayside_amenity,0.86,30,"Rejected false-positive Google match: seed did not match resolved place name | Purpose-built expressway rest area with toilets, parking, and food options","Purpose-built expressway rest area with toilets, parking, and food options",80af1267-7125-44ac-bff6-8b353c3dd906,2026-05-10T18:48:29.189+00:00,2026-05-10T18:48:29.189+00:00
,Expressway rest area,Restroom on Highway,public_bathroom|point_of_interest|establishment,https://maps.google.com/?cid=13888106587404830524&g_mp=CiVnb29nbGUubWFwcy5wbGFjZXMudjEuUGxhY2VzLkdldFBsYWNlEAIYBCAA,ChIJC1UjyvkH6DsRPAcH4Vt3vMA,Mumbai-Pune Expressway,Mumbai-Pune,North & West India,wayside_amenity,tier_1,official_wayside_amenity,0.86,733,"Rejected false-positive Google match: seed did not match resolved place name | Purpose-built expressway rest area with toilets, parking, and food options","Purpose-built expressway rest area with toilets, parking, and food options",7b94c1fe-531b-419b-862c-a8c65e7138cf,2026-05-10T18:48:29.189+00:00,2026-05-10T18:48:29.189+00:00
,Expressway rest area,Mumbai - Pune Highway Toll Plaza - Khalapur,toll_station|transportation_service|point_of_interest|establishment,https://maps.google.com/?cid=5703179645662285865&g_mp=CiVnb29nbGUubWFwcy5wbGFjZXMudjEuUGxhY2VzLkdldFBsYWNlEAIYBCAA,ChIJZVao3aj95zsRKVDwxavDJU8,Mumbai-Pune Expressway,Mumbai-Pune,North & West India,wayside_amenity,tier_1,official_wayside_amenity,0.86,785,"Rejected false-positive Google match: seed did not match resolved place name | Purpose-built expressway rest area with toilets, parking, and food options","Purpose-built expressway rest area with toilets, parking, and food options",eaec89d8-f29a-4eb3-9edb-cdc252e224ad,2026-05-10T18:48:29.189+00:00,2026-05-10T18:48:29.189+00:00
,Expressway rest area,Missing Link Tunnel and Bridge Mumbai Pune Expressway,bridge|transportation_service|point_of_interest|establishment,https://maps.google.com/?cid=5704344311352447589&g_mp=CiVnb29nbGUubWFwcy5wbGFjZXMudjEuUGxhY2VzLkdldFBsYWNlEAIYBCAA,ChIJd1v5ZQAH6DsRZdKuou3mKU8,Mumbai-Pune Expressway,Mumbai-Pune,North & West India,wayside_amenity,tier_1,official_wayside_amenity,0.86,937,"Rejected false-positive Google match: seed did not match resolved place name | Purpose-built expressway rest area with toilets, parking, and food options","Purpose-built expressway rest area with toilets, parking, and food options",11df5c7a-d158-46c4-9d26-b5d3746cd200,2026-05-10T18:48:29.189+00:00,2026-05-10T18:48:29.189+00:00
,Expressway rest area,Samruddhi Mahamarg Dhamangaon Interchange Toll Plaza,toll_station|transportation_service|point_of_interest|establishment,https://maps.google.com/?cid=10723031663535202726&g_mp=CiVnb29nbGUubWFwcy5wbGFjZXMudjEuUGxhY2VzLkdldFBsYWNlEAIYBCAA,ChIJA7Ag3_YJ1DsRpiFIJHzcz5Q,Samruddhi Mahamarg,Mumbai-Nagpur,North & West India,wayside_amenity,tier_1,official_wayside_amenity,0.86,1373,"Rejected false-positive Google match: seed did not match resolved place name | Purpose-built expressway rest area with toilets, parking, and food options","Purpose-built expressway rest area with toilets, parking, and food options",60f4bd14-a466-4305-951c-feaac58df82c,2026-05-10T18:48:29.189+00:00,2026-05-10T18:48:29.189+00:00
,Highway Nest,Intelligent IT Hub Pvt. Ltd. (IIH Global),consultant|point_of_interest|service|establishment,https://maps.google.com/?cid=14447905642048769022&g_mp=CiVnb29nbGUubWFwcy5wbGFjZXMudjEuUGxhY2VzLkdldFBsYWNlEAIYBCAA,ChIJtQ50WEmDXjkR_sutFqJFgcg,Sarkhej-Gandhinagar Highway,Ahmedabad-Gandhinagar,North & West India,wayside_amenity,tier_1,official_wayside_amenity,0.9,140,Rejected false-positive Google match: seed did not match resolved place name | NHAI official traveller amenity format at national highway toll plazas,NHAI official traveller amenity format at national highway toll plazas,eec14e14-3484-46dd-9ed9-a3c4fa9d2406,2026-05-10T18:48:29.189+00:00,2026-05-10T18:48:29.189+00:00
,Highway Nest,Ri Kynjai - Serenity By The Lake,resort_hotel|hotel|lodging|point_of_interest|establishment,https://maps.google.com/?cid=2118984874811233900&g_mp=CiVnb29nbGUubWFwcy5wbGFjZXMudjEuUGxhY2VzLkdldFBsYWNlEAIYBCAA,ChIJxYsYEcSBWjcRbJaMS4QlaB0,NH-6,Guwahati-Shillong,North-East India,wayside_amenity,tier_1,official_wayside_amenity,0.9,216,Rejected false-positive Google match: seed did not match resolved place name | NHAI official traveller amenity format at national highway toll plazas,NHAI official traveller amenity format at national highway toll plazas,25cd1bee-09ea-4e9c-b7fb-ce88c54ac679,2026-05-10T18:48:29.189+00:00,2026-05-10T18:48:29.189+00:00
,Highway Nest,La Nicholas Dei Da Kine Resort,resort_hotel|hotel|lodging|point_of_interest|establishment,https://maps.google.com/?cid=16471077914035876239&g_mp=CiVnb29nbGUubWFwcy5wbGFjZXMudjEuUGxhY2VzLkdldFBsYWNlEAIYBCAA,ChIJf7obs-CBWjcRj_HjZRgGleQ,NH-6,Guwahati-Shillong,North-East India,wayside_amenity,tier_1,official_wayside_amenity,0.9,247,Rejected false-positive Google match: seed did not match resolved place name | NHAI official traveller amenity format at national highway toll plazas,NHAI official traveller amenity format at national highway toll plazas,49056288-a3b9-4acb-aafe-923b73b757c4,2026-05-10T18:48:29.189+00:00,2026-05-10T18:48:29.189+00:00
,Highway Nest,Khetlapa Tea Stall,tea_house|cafe|restaurant|food|point_of_interest|establishment,https://maps.google.com/?cid=1817546713505563893&g_mp=CiVnb29nbGUubWFwcy5wbGFjZXMudjEuUGxhY2VzLkdldFBsYWNlEAIYBCAA,ChIJt64rJkqDXjkR9YQtLRs5ORk,Sarkhej-Gandhinagar Highway,Ahmedabad-Gandhinagar,North & West India,wayside_amenity,tier_1,official_wayside_amenity,0.9,265,Rejected false-positive Google match: seed did not match resolved place name | NHAI official traveller amenity format at national highway toll plazas,NHAI official traveller amenity format at national highway toll plazas,65689216-0e67-4e4b-82e8-375602ad5bfd,2026-05-10T18:48:29.189+00:00,2026-05-10T18:48:29.189+00:00
,Highway Nest,sg highway,apartment_building|point_of_interest|service|establishment,https://maps.google.com/?cid=5175487168585895499&g_mp=CiVnb29nbGUubWFwcy5wbGFjZXMudjEuUGxhY2VzLkdldFBsYWNlEAIYBCAA,ChIJIYAjILaDXjkRS44nrygG00c,Sarkhej-Gandhinagar Highway,Ahmedabad-Gandhinagar,North & West India,wayside_amenity,tier_1,official_wayside_amenity,0.9,284,Rejected false-positive Google match: seed did not match resolved place name | NHAI official traveller amenity format at national highway toll plazas,NHAI official traveller amenity format at national highway toll plazas,1608e0aa-3276-49d2-b9f3-17add3703047,2026-05-10T18:48:29.189+00:00,2026-05-10T18:48:29.189+00:00
,Highway Nest,Ginger Ahmedabad Satellite,hotel|banquet_hall|lodging|event_venue|restaurant|food|point_of_interest|service|establishment,https://maps.google.com/?cid=6154209292714201567&g_mp=CiVnb29nbGUubWFwcy5wbGFjZXMudjEuUGxhY2VzLkdldFBsYWNlEAIYBCAA,ChIJAfe4-UibXjkR31Gjzb4kaFU,Sarkhej-Gandhinagar Highway,Ahmedabad-Gandhinagar,North & West India,wayside_amenity,tier_1,official_wayside_amenity,0.9,286,Rejected false-positive Google match: seed did not match resolved place name | NHAI official traveller amenity format at national highway toll plazas,NHAI official traveller amenity format at national highway toll plazas,247d4648-98bc-4469-b2d0-60c8f6757df6,2026-05-10T18:48:29.189+00:00,2026-05-10T18:48:29.189+00:00
,Highway Nest,FabExpress SG Sarkhej-Gandhinagar Highway - Deluxe Double Room,lodging|point_of_interest|establishment,https://maps.google.com/?cid=15894954122854523078&g_mp=CiVnb29nbGUubWFwcy5wbGFjZXMudjEuUGxhY2VzLkdldFBsYWNlEAIYBCAA,ChIJ8_AHPzeDXjkRxuDfRY84ltw,Sarkhej-Gandhinagar Highway,Ahmedabad-Gandhinagar,North & West India,wayside_amenity,tier_1,official_wayside_amenity,0.9,314,Rejected false-positive Google match: seed did not match resolved place name | NHAI official traveller amenity format at national highway toll plazas,NHAI official traveller amenity format at national highway toll plazas,15013459-de9d-4850-bdac-7be38e7b8c06,2026-05-10T18:48:29.189+00:00,2026-05-10T18:48:29.189+00:00
,Highway Nest,Satyagrah chhavani,event_venue|point_of_interest|establishment,https://maps.google.com/?cid=17664129884001250593&g_mp=CiVnb29nbGUubWFwcy5wbGFjZXMudjEuUGxhY2VzLkdldFBsYWNlEAIYBCAA,ChIJncAtHbYrXDkRIa1BeoqYI_U,Sarkhej-Gandhinagar Highway,Ahmedabad-Gandhinagar,North & West India,wayside_amenity,tier_1,official_wayside_amenity,0.9,356,Rejected false-positive Google match: seed did not match resolved place name | NHAI official traveller amenity format at national highway toll plazas,NHAI official traveller amenity format at national highway toll plazas,c7532283-f06c-418f-b08f-770082c310d5,2026-05-10T18:48:29.189+00:00,2026-05-10T18:48:29.189+00:00
,Highway Nest,Hotel Nest View In,hotel|lodging|point_of_interest|establishment,https://maps.google.com/?cid=15509131651163148731&g_mp=CiVnb29nbGUubWFwcy5wbGFjZXMudjEuUGxhY2VzLkdldFBsYWNlEAIYBCAA,ChIJJ3tZEMebXjkRu9FY2hCBO9c,Sarkhej-Gandhinagar Highway,Ahmedabad-Gandhinagar,North & West India,wayside_amenity,tier_1,official_wayside_amenity,0.9,434,Rejected false-positive Google match: seed did not match resolved place name | NHAI official traveller amenity format at national highway toll plazas,NHAI official traveller amenity format at national highway toll plazas,eb122da9-fb28-4a08-b308-c6160e2e55da,2026-05-10T18:48:29.189+00:00,2026-05-10T18:48:29.189+00:00
,Highway Nest,Frankie Station (SG Highway),fast_food_restaurant|restaurant|food|point_of_interest|establishment,https://maps.google.com/?cid=9351959866326380757&g_mp=CiVnb29nbGUubWFwcy5wbGFjZXMudjEuUGxhY2VzLkdldFBsYWNlEAIYBCAA,ChIJC_99aTqbXjkR1fAXGvPVyIE,Sarkhej-Gandhinagar Highway,Ahmedabad-Gandhinagar,North & West India,wayside_amenity,tier_1,official_wayside_amenity,0.9,467,Rejected false-positive Google match: seed did not match resolved place name | NHAI official traveller amenity format at national highway toll plazas,NHAI official traveller amenity format at national highway toll plazas,85ccd555-6f05-4f0e-b0b8-eba4dd9aabae,2026-05-10T18:48:29.189+00:00,2026-05-10T18:48:29.189+00:00
,Highway Nest,The Nest Guest House,hotel|lodging|point_of_interest|establishment,https://maps.google.com/?cid=1627459656454241258&g_mp=CiVnb29nbGUubWFwcy5wbGFjZXMudjEuUGxhY2VzLkdldFBsYWNlEAIYBCAA,ChIJs8sOit5_UDcR6vs7Ve_llRY,NH-6,Guwahati-Shillong,North-East India,wayside_amenity,tier_1,official_wayside_amenity,0.9,485,Rejected false-positive Google match: seed did not match resolved place name | NHAI official traveller amenity format at national highway toll plazas,NHAI official traveller amenity format at national highway toll plazas,6b369e72-4fc9-413a-a6b8-31d41842b8ca,2026-05-10T18:48:29.189+00:00,2026-05-10T18:48:29.189+00:00
,Highway Nest,Bhookh lagi hai? SG highway,north_indian_restaurant|pakistani_restaurant|barbecue_restaurant|indian_restaurant|restaurant|food|point_of_interest|establishment,https://maps.google.com/?cid=12894683503482329177&g_mp=CiVnb29nbGUubWFwcy5wbGFjZXMudjEuUGxhY2VzLkdldFBsYWNlEAIYBCAA,ChIJjREOPAOFXjkRWVgn1FMe87I,Sarkhej-Gandhinagar Highway,Ahmedabad-Gandhinagar,North & West India,wayside_amenity,tier_1,official_wayside_amenity,0.9,499,Rejected false-positive Google match: seed did not match resolved place name | NHAI official traveller amenity format at national highway toll plazas,NHAI official traveller amenity format at national highway toll plazas,655235e9-05fe-4825-9e47-b2bdee4d8352,2026-05-10T18:48:29.189+00:00,2026-05-10T18:48:29.189+00:00
,Highway Nest,Mumbai - Pune Expy 🛣,historical_landmark|historical_place|point_of_interest|establishment,https://maps.google.com/?cid=12413453267864873850&g_mp=CiVnb29nbGUubWFwcy5wbGFjZXMudjEuUGxhY2VzLkdldFBsYWNlEAIYBCAA,ChIJ8S25LQAH6DsRemv_UvpxRaw,Mumbai-Pune Expressway,Mumbai-Pune,North & West India,wayside_amenity,tier_1,official_wayside_amenity,0.9,528,Rejected false-positive Google match: seed did not match resolved place name | NHAI official traveller amenity format at national highway toll plazas,NHAI official traveller amenity format at national highway toll plazas,069df206-cbef-4ea8-819a-f77f1550b994,2026-05-10T18:48:29.189+00:00,2026-05-10T18:48:29.189+00:00
,Highway Nest,R.M. PATEL FARM,event_venue|point_of_interest|establishment,https://maps.google.com/?cid=16877970394704491062&g_mp=CiVnb29nbGUubWFwcy5wbGFjZXMudjEuUGxhY2VzLkdldFBsYWNlEAIYBCAA,ChIJkf64MaWbXjkRNrLrkaaYOuo,Sarkhej-Gandhinagar Highway,Ahmedabad-Gandhinagar,North & West India,wayside_amenity,tier_1,official_wayside_amenity,0.9,533,Rejected false-positive Google match: seed did not match resolved place name | NHAI official traveller amenity format at national highway toll plazas,NHAI official traveller amenity format at national highway toll plazas,8bc041aa-006d-4e55-b5fe-afaba532cd23,2026-05-10T18:48:29.189+00:00,2026-05-10T18:48:29.189+00:00
,Highway Nest,"Old Kent Estates & Spa, Coorg",resort_hotel|hotel|lodging|point_of_interest|establishment,https://maps.google.com/?cid=1798801492782300466&g_mp=CiVnb29nbGUubWFwcy5wbGFjZXMudjEuUGxhY2VzLkdldFBsYWNlEAIYBCAA,ChIJ_____z8HpTsRMj27Xm2g9hg,Bengaluru-Coorg route,Bengaluru-Coorg,South India,wayside_amenity,tier_1,official_wayside_amenity,0.9,643,Rejected false-positive Google match: seed did not match resolved place name | NHAI official traveller amenity format at national highway toll plazas,NHAI official traveller amenity format at national highway toll plazas,50e8b0a0-f8c6-4e15-84f0-98c5446fe7a1,2026-05-10T18:48:29.189+00:00,2026-05-10T18:48:29.189+00:00
,Highway Nest,Shri Hanumant Car Transmission Car Carriers India,transportation_service|point_of_interest|establishment,https://maps.google.com/?cid=14390377752932027262&g_mp=CiVnb29nbGUubWFwcy5wbGFjZXMudjEuUGxhY2VzLkdldFBsYWNlEAIYBCAA,ChIJB15l2JcrXDkRfosyo1LktMc,Sarkhej-Gandhinagar Highway,Ahmedabad-Gandhinagar,North & West India,wayside_amenity,tier_1,official_wayside_amenity,0.9,703,Rejected false-positive Google match: seed did not match resolved place name | NHAI official traveller amenity format at national highway toll plazas,NHAI official traveller amenity format at national highway toll plazas,7db1ebda-54fb-4725-9103-9aa5541ceece,2026-05-10T18:48:29.189+00:00,2026-05-10T18:48:29.189+00:00
,Highway Nest,Mangalya Vatika,wedding_venue|event_venue|point_of_interest|service|establishment,https://maps.google.com/?cid=699721344198074211&g_mp=CiVnb29nbGUubWFwcy5wbGFjZXMudjEuUGxhY2VzLkdldFBsYWNlEAIYBCAA,ChIJuTtqGzSDXjkRY1-v8trotQk,Sarkhej-Gandhinagar Highway,Ahmedabad-Gandhinagar,North & West India,wayside_amenity,tier_1,official_wayside_amenity,0.9,714,Rejected false-positive Google match: seed did not match resolved place name | NHAI official traveller amenity format at national highway toll plazas,NHAI official traveller amenity format at national highway toll plazas,626cb57b-8cf5-4374-a2af-cddeb859d474,2026-05-10T18:48:29.189+00:00,2026-05-10T18:48:29.189+00:00
,Highway Nest,PineNest Homestay Shillong,private_guest_room|lodging|point_of_interest|establishment,https://maps.google.com/?cid=5209920131360350466&g_mp=CiVnb29nbGUubWFwcy5wbGFjZXMudjEuUGxhY2VzLkdldFBsYWNlEAIYBCAA,ChIJHX0PjEZ_UDcRAuHjkcFaTUg,NH-6,Guwahati-Shillong,North-East India,wayside_amenity,tier_1,official_wayside_amenity,0.9,800,Rejected false-positive Google match: seed did not match resolved place name | NHAI official traveller amenity format at national highway toll plazas,NHAI official traveller amenity format at national highway toll plazas,4d0112ba-acae-484a-8aa7-91e17f5f9140,2026-05-10T18:48:29.189+00:00,2026-05-10T18:48:29.189+00:00
,Highway Nest,The Nest,lodging|point_of_interest|service|establishment,https://maps.google.com/?cid=6301422554660515733&g_mp=CiVnb29nbGUubWFwcy5wbGFjZXMudjEuUGxhY2VzLkdldFBsYWNlEAIYBCAA,ChIJrZS3iZ6qpTsRla8sVm0mc1c,Bengaluru-Coorg route,Bengaluru-Coorg,South India,wayside_amenity,tier_1,official_wayside_amenity,0.9,809,Rejected false-positive Google match: seed did not match resolved place name | NHAI official traveller amenity format at national highway toll plazas,NHAI official traveller amenity format at national highway toll plazas,e6684728-f099-42f2-8459-e0aeb22e2a24,2026-05-10T18:48:29.189+00:00,2026-05-10T18:48:29.189+00:00
,Highway Nest,Robin’s Nest,bed_and_breakfast|lodging|point_of_interest|establishment,https://maps.google.com/?cid=9653190740518480432&g_mp=CiVnb29nbGUubWFwcy5wbGFjZXMudjEuUGxhY2VzLkdldFBsYWNlEAIYBCAA,ChIJEUJUegCBWjcRMKqxbdUF94U,NH-6,Guwahati-Shillong,North-East India,wayside_amenity,tier_1,official_wayside_amenity,0.9,925,Rejected false-positive Google match: seed did not match resolved place name | NHAI official traveller amenity format at national highway toll plazas,NHAI official traveller amenity format at national highway toll plazas,0f742f12-58b9-4150-83a0-279a8d554eab,2026-05-10T18:48:29.189+00:00,2026-05-10T18:48:29.189+00:00
,Highway Nest,Samruddhi Expressway Interchange.,rest_stop|point_of_interest|establishment,https://maps.google.com/?cid=15820109445189658767&g_mp=CiVnb29nbGUubWFwcy5wbGFjZXMudjEuUGxhY2VzLkdldFBsYWNlEAIYBCAA,ChIJ9VwecocJ1DsRj-hUzLhRjNs,Samruddhi Mahamarg,Mumbai-Nagpur,North & West India,wayside_amenity,tier_1,official_wayside_amenity,0.9,1037,Rejected false-positive Google match: seed did not match resolved place name | NHAI official traveller amenity format at national highway toll plazas,NHAI official traveller amenity format at national highway toll plazas,1990e82e-1b7f-4078-866a-4e7647bee163,2026-05-10T18:48:29.189+00:00,2026-05-10T18:48:29.189+00:00
,Highway Nest,Gypsy Nest,hostel|lodging|point_of_interest|establishment,https://maps.google.com/?cid=1489568308199095541&g_mp=CiVnb29nbGUubWFwcy5wbGFjZXMudjEuUGxhY2VzLkdldFBsYWNlEAIYBCAA,ChIJxQ5p0ttxdDkR9fzi9nsCrBQ,Agra-Lucknow Expressway,Agra-Lucknow,North India,wayside_amenity,tier_1,official_wayside_amenity,0.9,1270,Rejected false-positive Google match: seed did not match resolved place name | NHAI official traveller amenity format at national highway toll plazas,NHAI official traveller amenity format at national highway toll plazas,da0cfda2-95bf-470a-b24f-3eec1d7793a6,2026-05-10T18:48:29.189+00:00,2026-05-10T18:48:29.189+00:00
,Highway Nest,Utthunga Coorg,private_guest_room|lodging|point_of_interest|establishment,https://maps.google.com/?cid=12975173853439758240&g_mp=CiVnb29nbGUubWFwcy5wbGFjZXMudjEuUGxhY2VzLkdldFBsYWNlEAIYBCAA,ChIJIzTFN2KrpTsRoI820d8TEbQ,Bengaluru-Coorg route,Bengaluru-Coorg,South India,wayside_amenity,tier_1,official_wayside_amenity,0.9,1294,Rejected false-positive Google match: seed did not match resolved place name | NHAI official traveller amenity format at national highway toll plazas,NHAI official traveller amenity format at national highway toll plazas,9ca21e1a-bfa0-407a-b7a9-65c7d09d3808,2026-05-10T18:48:29.189+00:00,2026-05-10T18:48:29.189+00:00
,Highway Nest,"Hotel Heiga VNS, Shillong",hotel|lodging|point_of_interest|establishment,https://maps.google.com/?cid=972429515790547621&g_mp=CiVnb29nbGUubWFwcy5wbGFjZXMudjEuUGxhY2VzLkdldFBsYWNlEAIYBCAA,ChIJ3dKYuZl-UDcRpfrMEX7Dfg0,NH-6,Guwahati-Shillong,North-East India,wayside_amenity,tier_1,official_wayside_amenity,0.9,1701,Rejected false-positive Google match: seed did not match resolved place name | NHAI official traveller amenity format at national highway toll plazas,NHAI official traveller amenity format at national highway toll plazas,ffae5f63-f4be-4280-9876-ec2cbcafeb0d,2026-05-10T18:48:29.189+00:00,2026-05-10T18:48:29.189+00:00
,Highway Nest Mini,Hotel Best Holiday Home,hotel|lodging|point_of_interest|establishment,https://maps.google.com/?cid=13687278279946056120&g_mp=CiVnb29nbGUubWFwcy5wbGFjZXMudjEuUGxhY2VzLkdldFBsYWNlEAIYBCAA,ChIJkzXT3pl-UDcRuLEayhP78r0,NH-6,Guwahati-Shillong,North-East India,wayside_amenity,tier_1,official_wayside_amenity,0.9,1554,Rejected false-positive Google match: seed did not match resolved place name | NHAI mini traveller amenity format near toll plazas with toilets and refreshments,NHAI mini traveller amenity format near toll plazas with toilets and refreshments,cc668974-5926-433a-a73a-9657719aed9f,2026-05-10T18:48:29.189+00:00,2026-05-10T18:48:29.189+00:00
,Highway Nest Mini,Bishop's Falls,tourist_attraction|point_of_interest|establishment,https://maps.google.com/?cid=10180986236400745876&g_mp=CiVnb29nbGUubWFwcy5wbGFjZXMudjEuUGxhY2VzLkdldFBsYWNlEAIYBCAA,ChIJIx5Ha1x-UDcRlL3OcwohSo0,NH-6,Guwahati-Shillong,North-East India,wayside_amenity,tier_1,official_wayside_amenity,0.9,1670,Rejected false-positive Google match: seed did not match resolved place name | NHAI mini traveller amenity format near toll plazas with toilets and refreshments,NHAI mini traveller amenity format near toll plazas with toilets and refreshments,9f531d7f-e81c-4232-ab63-614f3a228ba5,2026-05-10T18:48:29.189+00:00,2026-05-10T18:48:29.189+00:00
,Highway Nest Mini,Adventure Nest Ramanagara,adventure_sports_center|sports_complex|sports_activity_location|point_of_interest|establishment,https://maps.google.com/?cid=11659689908646730574&g_mp=CiVnb29nbGUubWFwcy5wbGFjZXMudjEuUGxhY2VzLkdldFBsYWNlEAIYBCAA,ChIJLw4Ow5lOrjsRTlsYPDKKz6E,Bengaluru-Mysuru highway,Bengaluru-Mysuru,South India,wayside_amenity,tier_1,official_wayside_amenity,0.9,1842,Rejected false-positive Google match: seed did not match resolved place name | NHAI mini traveller amenity format near toll plazas with toilets and refreshments,NHAI mini traveller amenity format near toll plazas with toilets and refreshments,0a71c45d-41c9-460c-b968-476295484c70,2026-05-10T18:48:29.189+00:00,2026-05-10T18:48:29.189+00:00
,Highway Village,Sarkhej - Gandhinagar Highway,route,"https://maps.google.com/?q=Sarkhej+-+Gandhinagar+Hwy,+Ahmedabad,+Gujarat,+India&ftid=0x395e9a945b3c689d:0x467c5858c3c1e389&g_mp=CiVnb29nbGUubWFwcy5wbGFjZXMudjEuUGxhY2VzLkdldFBsYWNlEAIYBCAA",EjRTYXJraGVqIC0gR2FuZGhpbmFnYXIgSHd5LCBBaG1lZGFiYWQsIEd1amFyYXQsIEluZGlhIi4qLAoUChIJnWg8W5SaXjkRiePBw1hYfEYSFAoSCUnUW7qKhF45ERZlT2ER3c5P,Sarkhej-Gandhinagar Highway,Ahmedabad-Gandhinagar,North & West India,wayside_amenity,tier_1,official_wayside_amenity,0.9,81,Rejected false-positive Google match: seed did not match resolved place name | NHAI official larger wayside amenity format for highway travellers,NHAI official larger wayside amenity format for highway travellers,36e6db72-c9ab-414a-a4ae-a5204155e6dc,2026-05-10T18:48:29.189+00:00,2026-05-10T18:48:29.189+00:00
,Highway Village,National Highway 66,route,"https://maps.google.com/?q=NH+66,+Panvel,+Navi+Mumbai,+Maharashtra,+India&ftid=0x3be7e7d456eb27b9:0x8fe744a7d7bfecb4&g_mp=CiVnb29nbGUubWFwcy5wbGFjZXMudjEuUGxhY2VzLkdldFBsYWNlEAIYBCAA",Ei5OSCA2NiwgUGFudmVsLCBOYXZpIE11bWJhaSwgTWFoYXJhc2h0cmEsIEluZGlhIi4qLAoUChIJuSfrVtTn5zsRtOy_16dE548SFAoSCT3yIx8-6Oc7EQr94zHEBqHj,NH-66,Panvel-Goa,North & West India,wayside_amenity,tier_1,official_wayside_amenity,0.9,922,Rejected false-positive Google match: seed did not match resolved place name | NHAI official larger wayside amenity format for highway travellers,NHAI official larger wayside amenity format for highway travellers,8b1050c9-e6d4-4816-801a-d3c0cee41487,2026-05-10T18:48:29.189+00:00,2026-05-10T18:48:29.189+00:00
,Highway Village,Mumbai - Pune Expressway,route,https://maps.google.com/?cid=8261807167408337000&g_mp=CiVnb29nbGUubWFwcy5wbGFjZXMudjEuUGxhY2VzLkdldFBsYWNlEAIYBCAA,ChIJx6MHCOD_5zsRaHAmiNjVp3I,Mumbai-Pune Expressway,Mumbai-Pune,North & West India,wayside_amenity,tier_1,official_wayside_amenity,0.9,1075,Rejected false-positive Google match: seed did not match resolved place name | NHAI official larger wayside amenity format for highway travellers,NHAI official larger wayside amenity format for highway travellers,db3ed19f-7bf8-4311-a933-7b29b3df0c4c,2026-05-10T18:48:29.189+00:00,2026-05-10T18:48:29.189+00:00
,Highway Village,Eastern Peripheral Expressway Sirsa Cut,rest_stop|point_of_interest|establishment,https://maps.google.com/?cid=13617039832556450518&g_mp=CiVnb29nbGUubWFwcy5wbGFjZXMudjEuUGxhY2VzLkdldFBsYWNlEAIYBCAA,ChIJH5Bcm-i_DDkR1jLf35Rx-bw,Eastern Peripheral Expressway,Delhi NCR bypass,North India,wayside_amenity,tier_1,official_wayside_amenity,0.9,1359,Rejected false-positive Google match: seed did not match resolved place name | NHAI official larger wayside amenity format for highway travellers,NHAI official larger wayside amenity format for highway travellers,bbd0f224-d5fb-44b7-8c64-4ae16292d1f1,2026-05-10T18:48:29.189+00:00,2026-05-10T18:48:29.189+00:00
,NHAI Wayside Amenities,NHAI PIU Krishnagiri,point_of_interest|government_office|establishment,https://maps.google.com/?cid=15405813823201817161&g_mp=CiVnb29nbGUubWFwcy5wbGFjZXMudjEuUGxhY2VzLkdldFBsYWNlEAIYBCAA,ChIJvZ2ghpI0rDsRSTK_dwxyzNU,NH-44,Krishnagiri toll plaza,South India,wayside_amenity,tier_1,official_wayside_amenity,0.92,640,"Rejected false-positive Google match: seed did not match resolved place name | Official national highway wayside amenities with toilets, drinking water, parking, and eateries","Official national highway wayside amenities with toilets, drinking water, parking, and eateries",84af2100-1e84-4ee5-8435-0036b81e36d7,2026-05-10T18:59:28.876+00:00,2026-05-10T18:59:28.876+00:00
,NHAI Wayside Amenities,NHAI Office Auraiya,corporate_office|point_of_interest|establishment,https://maps.google.com/?cid=10196496606034858968&g_mp=CiVnb29nbGUubWFwcy5wbGFjZXMudjEuUGxhY2VzLkdldFBsYWNlEAIYBCAA,ChIJk46JxAfznTkR2BMvzKM7gY0,Bundelkhand Expressway,Etawah-Chitrakoot,North India,wayside_amenity,tier_1,official_wayside_amenity,0.92,1778,"Rejected false-positive Google match: seed did not match resolved place name | Official national highway wayside amenities with toilets, drinking water, parking, and eateries","Official national highway wayside amenities with toilets, drinking water, parking, and eateries",20bb319a-127b-4b77-a11e-591902abe437,2026-05-10T18:59:28.876+00:00,2026-05-10T18:59:28.876+00:00
,Official expressway service area,Exit to expressway to Pune,off_roading_area|sports_activity_location|point_of_interest|establishment,https://maps.google.com/?cid=2983413171438684026&g_mp=CiVnb29nbGUubWFwcy5wbGFjZXMudjEuUGxhY2VzLkdldFBsYWNlEAIYBCAA,ChIJo8l1t0AH6DsRegfT_Xg2Zyk,Mumbai-Pune Expressway,Mumbai-Pune,North & West India,wayside_amenity,tier_1,official_wayside_amenity,0.88,561,Rejected false-positive Google match: seed did not match resolved place name | Purpose-built expressway service area with traveller amenities,Purpose-built expressway service area with traveller amenities,51b22c81-4e77-499b-a51e-7c4aae9d7a33,2026-05-10T18:59:28.876+00:00,2026-05-10T18:59:28.876+00:00
,Official expressway service area,Administrative Building Expressway,toll_station|transportation_service|point_of_interest|establishment,https://maps.google.com/?cid=17634914336201390242&g_mp=CiVnb29nbGUubWFwcy5wbGFjZXMudjEuUGxhY2VzLkdldFBsYWNlEAIYBCAA,ChIJGTHnkZX95zsRoji6rSfNu_Q,Mumbai-Pune Expressway,Mumbai-Pune,North & West India,wayside_amenity,tier_1,official_wayside_amenity,0.88,699,Rejected false-positive Google match: seed did not match resolved place name | Purpose-built expressway service area with traveller amenities,Purpose-built expressway service area with traveller amenities,b22e7556-6ea5-45f0-a9e2-5c8f8dcdaf4e,2026-05-10T18:59:28.876+00:00,2026-05-10T18:59:28.876+00:00
,BPCL Ghar,Govindpur Block (B.D.O . office ),point_of_interest|local_government_office|government_office|establishment,https://maps.google.com/?cid=5009979798868116298&g_mp=CiVnb29nbGUubWFwcy5wbGFjZXMudjEuUGxhY2VzLkdldFBsYWNlEAIYBCAA,ChIJ4cZg_iu59jkRSsNqQxUGh0U,NH-19,Govindpur Jharkhand,East & Central India,wayside_amenity,tier_2,premium_fuel_program,0.78,33,Rejected false-positive Google match: seed did not match resolved place name/type,One Stop Trucker Shop with branded rest-stop facilities,cd191f86-0976-4b79-9d5b-bbd1ff13b786,2026-05-10T02:53:25.822+00:00,2026-05-10T09:43:49.298+00:00
,BPCL Ghar,Hindustan Petroleum Corporation Limited,gas_station|electric_vehicle_charging_station|transportation_service|point_of_interest|service|establishment,https://maps.google.com/?cid=9695754108606360754&g_mp=CiVnb29nbGUubWFwcy5wbGFjZXMudjEuUGxhY2VzLkdldFBsYWNlEAIYBCAA,ChIJm3dFpqnn5zsRsiwE0f08joY,NH-66,Panvel-Goa,North & West India,wayside_amenity,tier_2,premium_fuel_program,0.78,123,Rejected false-positive Google match: seed did not match resolved place name/type,One Stop Trucker Shop with branded rest-stop facilities,c6db11ed-7f06-44f9-a3a3-f8489bf84608,2026-05-10T02:53:25.822+00:00,2026-05-10T09:43:49.298+00:00
,BPCL Ghar,Kargil Petrol Pump SG Highway,gas_station|point_of_interest|service|establishment,https://maps.google.com/?cid=13883890560320818876&g_mp=CiVnb29nbGUubWFwcy5wbGFjZXMudjEuUGxhY2VzLkdldFBsYWNlEAIYBCAA,ChIJP-pqtkuDXjkRvE5SlOd8rcA,Sarkhej-Gandhinagar Highway,Ahmedabad-Gandhinagar,North & West India,wayside_amenity,tier_2,premium_fuel_program,0.78,331,Rejected false-positive Google match: seed did not match resolved place name/type,One Stop Trucker Shop with branded rest-stop facilities,8b17a70c-1a50-4970-a138-9c375de20500,2026-05-10T02:53:25.822+00:00,2026-05-10T09:43:49.298+00:00
,BPCL Ghar,Krishnagiri bharat gas,supplier|point_of_interest|service|establishment,https://maps.google.com/?cid=7312719034925200510&g_mp=CiVnb29nbGUubWFwcy5wbGFjZXMudjEuUGxhY2VzLkdldFBsYWNlEAIYBCAA,ChIJ0bGnVUIzrDsRfjT0wjf_e2U,NH-44,Krishnagiri toll plaza,South India,wayside_amenity,tier_2,premium_fuel_program,0.78,472,Rejected false-positive Google match: seed did not match resolved place name/type,One Stop Trucker Shop with branded rest-stop facilities,18abf73b-345a-4600-bf4c-d04fdeecdd6d,2026-05-10T02:53:25.822+00:00,2026-05-10T09:43:49.298+00:00
,BPCL Ghar,Hindustan Petroleum Corporation Limited,gas_station|point_of_interest|service|establishment,https://maps.google.com/?cid=15427729146089044734&g_mp=CiVnb29nbGUubWFwcy5wbGFjZXMudjEuUGxhY2VzLkdldFBsYWNlEAIYBCAA,ChIJKwA6CHtNrjsR_vqTM-tNGtY,Bengaluru-Mysuru highway,Bengaluru-Mysuru,South India,wayside_amenity,tier_2,premium_fuel_program,0.78,776,Rejected false-positive Google match: seed did not match resolved place name/type,One Stop Trucker Shop with branded rest-stop facilities,3a08ce75-f24f-4f9e-ba97-27e5988143db,2026-05-10T02:53:25.822+00:00,2026-05-10T09:43:49.298+00:00
,BPCL Ghar,CNG Gail gas shree maa Shakti fuels,gas_station|point_of_interest|service|establishment,https://maps.google.com/?cid=8613319396988356948&g_mp=CiVnb29nbGUubWFwcy5wbGFjZXMudjEuUGxhY2VzLkdldFBsYWNlEAIYBCAA,ChIJby6ECwC99jkRVAl5MluoiHc,NH-19,Govindpur Jharkhand,East & Central India,wayside_amenity,tier_2,premium_fuel_program,0.78,1089,Rejected false-positive Google match: seed did not match resolved place name/type,One Stop Trucker Shop with branded rest-stop facilities,3db3d8ab-1845-4d1e-8706-1f7b7ddc845e,2026-05-10T02:53:25.822+00:00,2026-05-10T09:43:49.298+00:00
,BPCL Ghar,Bhagirath Petroleum,gas_station|point_of_interest|service|establishment,https://maps.google.com/?cid=16022076909454065319&g_mp=CiVnb29nbGUubWFwcy5wbGFjZXMudjEuUGxhY2VzLkdldFBsYWNlEAIYBCAA,ChIJ_Rgn2kqxWTkRp37_fw_aWd4,NH-47,Rajkot-Ahmedabad,North & West India,wayside_amenity,tier_2,premium_fuel_program,0.78,1216,Rejected false-positive Google match: seed did not match resolved place name/type,One Stop Trucker Shop with branded rest-stop facilities,b576c971-30ee-4370-8a53-13ff39959e09,2026-05-10T02:53:25.822+00:00,2026-05-10T09:43:49.298+00:00
,BPCL Ghar,Randi ke ghar,gas_station|point_of_interest|service|establishment,https://maps.google.com/?cid=12822623519541905912&g_mp=CiVnb29nbGUubWFwcy5wbGFjZXMudjEuUGxhY2VzLkdldFBsYWNlEAIYBCAA,ChIJR6wYKX8H6DsR-EndYicc87E,Mumbai-Pune Expressway,Mumbai-Pune,North & West India,wayside_amenity,tier_2,premium_fuel_program,0.78,1368,Rejected false-positive Google match: seed did not match resolved place name/type,One Stop Trucker Shop with branded rest-stop facilities,cc7245d9-5210-463c-8846-84ca29ea8a8b,2026-05-10T02:53:25.822+00:00,2026-05-10T09:43:49.298+00:00
,BPCL Ghar,Hindustan Petroleum Corporation Limited,gas_station|electric_vehicle_charging_station|transportation_service|point_of_interest|service|establishment,https://maps.google.com/?cid=13144014419713840965&g_mp=CiVnb29nbGUubWFwcy5wbGFjZXMudjEuUGxhY2VzLkdldFBsYWNlEAIYBCAA,ChIJxb8Ef3_o5zsRRdeniXnraLY,NH-66,Panvel-Goa,North & West India,wayside_amenity,tier_2,premium_fuel_program,0.78,1647,Rejected false-positive Google match: seed did not match resolved place name/type,One Stop Trucker Shop with branded rest-stop facilities,f194bcb8-24d7-400b-8f5b-ba5a9b7ba612,2026-05-10T02:53:25.822+00:00,2026-05-10T09:43:49.298+00:00
,BPCL Ghar,Magadh gas agency,supplier|point_of_interest|service|establishment,https://maps.google.com/?cid=16631589458122568356&g_mp=CiVnb29nbGUubWFwcy5wbGFjZXMudjEuUGxhY2VzLkdldFBsYWNlEAIYBCAA,ChIJndyFKM79jDkRpPKGhX5Gz-Y,NH-19,Aurangabad Bihar,East & Central India,wayside_amenity,tier_2,premium_fuel_program,0.78,1901,Rejected false-positive Google match: seed did not match resolved place name/type,One Stop Trucker Shop with branded rest-stop facilities,f5ab39f5-bda5-4d3c-acf4-d6170d2cb923,2026-05-10T02:53:25.822+00:00,2026-05-10T09:43:49.298+00:00
,Indian Oil COCO,CP Fuels - Diesel Delivery,gas_station|point_of_interest|service|establishment,https://maps.google.com/?cid=3713015399832175591&g_mp=CiVnb29nbGUubWFwcy5wbGFjZXMudjEuUGxhY2VzLkdldFBsYWNlEAIYBCAA,ChIJoRvPNkPHDDkR50ONcNVHhzM,Eastern Peripheral Expressway,Delhi NCR bypass,North India,fuel_station,tier_2,premium_fuel_program,0.74,962,Rejected false-positive Google match: seed did not match resolved place name/type,Company-operated fuel station proxy,74505647-a323-4691-9336-5234822ea809,2026-05-10T02:53:25.822+00:00,2026-05-10T09:43:49.298+00:00
,Indian Oil COCO,BP COCO Bharat Petroleum,gas_station|point_of_interest|service|establishment,https://maps.google.com/?cid=10414133036793659866&g_mp=CiVnb29nbGUubWFwcy5wbGFjZXMudjEuUGxhY2VzLkdldFBsYWNlEAIYBCAA,ChIJP7LvTTS_9jkR2gG_DdJuhpA,NH-19,Govindpur Jharkhand,East & Central India,fuel_station,tier_2,premium_fuel_program,0.74,1830,Rejected false-positive Google match: seed did not match resolved place name/type,Company-operated fuel station proxy,86dcdf17-e10a-413d-82b9-66eab2b3a045,2026-05-10T02:53:25.822+00:00,2026-05-10T09:43:49.298+00:00
,Jio-bp,Jio Store,corporate_office|point_of_interest|establishment,https://maps.google.com/?cid=10611444516842537108&g_mp=CiVnb29nbGUubWFwcy5wbGFjZXMudjEuUGxhY2VzLkdldFBsYWNlEAIYBCAA,ChIJQeSNeQAzrDsRlIAq9JBsQ5M,NH-44,Krishnagiri toll plaza,South India,fuel_cafe,tier_2,premium_fuel_program,0.82,322,Rejected false-positive Google match: seed did not match resolved place name/type,Modern mobility station with sanitized washrooms,00119ef0-b948-4c5f-b05b-8d4c1e278217,2026-05-10T02:53:25.822+00:00,2026-05-10T09:43:49.298+00:00
,Jio-bp,My Jio Store,cell_phone_store|electronics_store|home_goods_store|store|point_of_interest|establishment,https://maps.google.com/?cid=6346523803715805908&g_mp=CiVnb29nbGUubWFwcy5wbGFjZXMudjEuUGxhY2VzLkdldFBsYWNlEAIYBCAA,ChIJl957v_I1rDsR1KIKL8ZhE1g,NH-44,Krishnagiri toll plaza,South India,fuel_cafe,tier_2,premium_fuel_program,0.82,1137,Rejected false-positive Google match: seed did not match resolved place name/type,Modern mobility station with sanitized washrooms,d2cbc50b-4e05-4d8f-88e1-847cbc8a5b6f,2026-05-10T02:53:25.822+00:00,2026-05-10T09:45:55.686+00:00
,Nayara Energy,NR Energy Solution India Pvt Ltd,corporate_office|point_of_interest|establishment,https://maps.google.com/?cid=10901798633137553234&g_mp=CiVnb29nbGUubWFwcy5wbGFjZXMudjEuUGxhY2VzLkdldFBsYWNlEAIYBCAA,ChIJK3YsUADp5zsRUr8AvRj4Spc,NH-66,Panvel-Goa,North & West India,fuel_station,tier_2,premium_fuel_program,0.78,720,Rejected false-positive Google match: seed did not match resolved place name | Standalone fuel operator often rated highly for washrooms,Standalone fuel operator often rated highly for washrooms,5ab60b90-0013-4b6a-8395-03a1365bb602,2026-05-10T19:16:22.056+00:00,2026-05-10T19:16:22.056+00:00
,Reliance,Reliance SMART Bazaar,hypermarket|health_food_store|supermarket|convenience_store|asian_grocery_store|market|home_goods_store|health|grocery_store|food_store|food|store|point_of_interest|establishment,https://maps.google.com/?cid=17269455935790849653&g_mp=CiVnb29nbGUubWFwcy5wbGFjZXMudjEuUGxhY2VzLkdldFBsYWNlEAIYBCAA,ChIJDQ09NFX_mzkRdR4TFa1uqe8,Agra-Lucknow Expressway,Agra-Lucknow,North India,fuel_station,tier_2,premium_fuel_program,0.78,163,Rejected false-positive Google match: seed did not match resolved place name | Standalone fuel operator often rated highly for washrooms,Standalone fuel operator often rated highly for washrooms,03d42c59-2e05-4d34-9a34-52b5ed7d9bcc,2026-05-10T19:16:22.056+00:00,2026-05-10T19:16:22.056+00:00
,Reliance,Reliance Digital,electronics_store|store|point_of_interest|establishment,https://maps.google.com/?cid=12029706406330191163&g_mp=CiVnb29nbGUubWFwcy5wbGFjZXMudjEuUGxhY2VzLkdldFBsYWNlEAIYBCAA,ChIJs6Gyw6f-mzkRO02NjT0a8qY,Agra-Lucknow Expressway,Agra-Lucknow,North India,fuel_station,tier_2,premium_fuel_program,0.78,204,Rejected false-positive Google match: seed did not match resolved place name | Standalone fuel operator often rated highly for washrooms,Standalone fuel operator often rated highly for washrooms,83fdbc44-ae60-487d-90f5-06d6f54286d3,2026-05-10T19:16:22.056+00:00,2026-05-10T19:16:22.056+00:00
,Reliance,Reliance SMART Superstore,hypermarket|health_food_store|supermarket|asian_grocery_store|convenience_store|market|grocery_store|home_goods_store|food_store|store|food|point_of_interest|health|establishment,https://maps.google.com/?cid=8156884560875287366&g_mp=CiVnb29nbGUubWFwcy5wbGFjZXMudjEuUGxhY2VzLkdldFBsYWNlEAIYBCAA,ChIJZ5UgDpKV1DsRRvPWhEoTM3E,Samruddhi Mahamarg,Mumbai-Nagpur,North & West India,fuel_station,tier_2,premium_fuel_program,0.78,401,Rejected false-positive Google match: seed did not match resolved place name | Standalone fuel operator often rated highly for washrooms,Standalone fuel operator often rated highly for washrooms,82f03f0b-1048-4ff0-9766-4be233e17473,2026-05-10T19:16:22.056+00:00,2026-05-10T19:16:22.056+00:00
,Reliance,"Reliance Bio Energy Complex, Ambedkar Nagar",manufacturer|point_of_interest|establishment,https://maps.google.com/?cid=10361461360189933550&g_mp=CiVnb29nbGUubWFwcy5wbGFjZXMudjEuUGxhY2VzLkdldFBsYWNlEAIYBCAA,ChIJISLuPwCLkDkR7ocOsDVOy48,Purvanchal Expressway,Lucknow-Ghazipur,North India,fuel_station,tier_2,premium_fuel_program,0.78,680,Rejected false-positive Google match: fuel seed matched non-fuel Google place type | Standalone fuel operator often rated highly for washrooms,Standalone fuel operator often rated highly for washrooms,40082942-3da0-4125-9712-78dbc4a48a0a,2026-05-10T19:16:22.053+00:00,2026-05-10T19:24:58.239+00:00
,Reliance,Reliance SMART Superstore,hypermarket|convenience_store|health_food_store|supermarket|asian_grocery_store|grocery_store|home_goods_store|food_store|food|market|store|health|point_of_interest|establishment,https://maps.google.com/?cid=15948743788073645895&g_mp=CiVnb29nbGUubWFwcy5wbGFjZXMudjEuUGxhY2VzLkdldFBsYWNlEAIYBCAA,ChIJcw5SKfbHdjkRR_fYpflRVd0,NH-3,Agra-Gwalior,Central India,fuel_station,tier_2,premium_fuel_program,0.78,756,Rejected false-positive Google match: seed did not match resolved place name | Standalone fuel operator often rated highly for washrooms,Standalone fuel operator often rated highly for washrooms,de5b65a6-f6f9-49c0-a09a-0c0e1926292f,2026-05-10T19:16:22.056+00:00,2026-05-10T19:16:22.056+00:00
,Reliance,Reliance jio,storage|point_of_interest|establishment,https://maps.google.com/?cid=13863247274950305051&g_mp=CiVnb29nbGUubWFwcy5wbGFjZXMudjEuUGxhY2VzLkdldFBsYWNlEAIYBCAA,ChIJqSVHoDrHdjkRG6XQKPIlZMA,NH-3,Agra-Gwalior,Central India,fuel_station,tier_2,premium_fuel_program,0.78,828,Rejected false-positive Google match: seed did not match resolved place name | Standalone fuel operator often rated highly for washrooms,Standalone fuel operator often rated highly for washrooms,4d99f456-89ef-4d15-9bcf-430d6929d247,2026-05-10T19:16:22.056+00:00,2026-05-10T19:16:22.056+00:00
,Reliance,Reliance Jio Infocom Limited • AZMG-JCN-6000,telecommunications_service_provider|point_of_interest|establishment,https://maps.google.com/?cid=12334401450048637295&g_mp=CiVnb29nbGUubWFwcy5wbGFjZXMudjEuUGxhY2VzLkdldFBsYWNlEAIYBCAA,ChIJRTmNAQCjkTkRb0k2s8SYLKs,Purvanchal Expressway,Lucknow-Ghazipur,North India,fuel_station,tier_2,premium_fuel_program,0.78,856,Rejected false-positive Google match: seed did not match resolved place name | Standalone fuel operator often rated highly for washrooms,Standalone fuel operator often rated highly for washrooms,cdedddcb-8ebb-46b8-9398-5990e848446c,2026-05-10T19:16:22.056+00:00,2026-05-10T19:16:22.056+00:00
,Reliance,Reliance Digital,electronics_store|store|point_of_interest|establishment,https://maps.google.com/?cid=11168454009190105477&g_mp=CiVnb29nbGUubWFwcy5wbGFjZXMudjEuUGxhY2VzLkdldFBsYWNlEAIYBCAA,ChIJI8EBpEH9mzkRhUEQlL9R_po,Agra-Lucknow Expressway,Agra-Lucknow,North India,fuel_station,tier_2,premium_fuel_program,0.78,910,Rejected false-positive Google match: seed did not match resolved place name | Standalone fuel operator often rated highly for washrooms,Standalone fuel operator often rated highly for washrooms,07ffbf84-b7e6-4a12-8344-0a2dfe9f7188,2026-05-10T19:16:22.056+00:00,2026-05-10T19:16:22.056+00:00
,Reliance,Jio-bp,gas_station|point_of_interest|service|establishment,https://maps.google.com/?cid=55420525121745859&g_mp=CiVnb29nbGUubWFwcy5wbGFjZXMudjEuUGxhY2VzLkdldFBsYWNlEAIYBCAA,ChIJHap2e_VwczkRw7MliazkxAA,Yamuna Expressway,Greater Noida-Agra,North India,fuel_station,tier_2,premium_fuel_program,0.78,1010,Rejected false-positive Google match: seed did not match resolved place name | Standalone fuel operator often rated highly for washrooms,Standalone fuel operator often rated highly for washrooms,3c95d586-0083-4008-b5eb-b9042907e5a4,2026-05-10T19:16:22.056+00:00,2026-05-10T19:16:22.056+00:00
,Reliance,Reliance retail Dadri,storage|point_of_interest|establishment,https://maps.google.com/?cid=16863221005184644897&g_mp=CiVnb29nbGUubWFwcy5wbGFjZXMudjEuUGxhY2VzLkdldFBsYWNlEAIYBCAA,ChIJjwRJLACVDDkRIbfvtigyBuo,Yamuna Expressway,Greater Noida-Agra,North India,fuel_station,tier_2,premium_fuel_program,0.78,1086,Rejected false-positive Google match: seed did not match resolved place name | Standalone fuel operator often rated highly for washrooms,Standalone fuel operator often rated highly for washrooms,29eb6418-a32c-48e4-a9c1-e97a8b2a54b0,2026-05-10T19:16:22.056+00:00,2026-05-10T19:16:22.056+00:00
,Reliance,Reliance Bio Energy Complex,manufacturer|point_of_interest|establishment,https://maps.google.com/?cid=10551590939506023264&g_mp=CiVnb29nbGUubWFwcy5wbGFjZXMudjEuUGxhY2VzLkdldFBsYWNlEAIYBCAA,ChIJnfQQbwCLkDkRYJt8BA7IbpI,Purvanchal Expressway,Lucknow-Ghazipur,North India,fuel_station,tier_2,premium_fuel_program,0.78,1098,Rejected false-positive Google match: fuel seed matched non-fuel Google place type | Standalone fuel operator often rated highly for washrooms,Standalone fuel operator often rated highly for washrooms,15f41b08-2645-4f3e-ae65-7465ac29b6b5,2026-05-10T19:16:22.053+00:00,2026-05-10T19:24:58.239+00:00
,Reliance,Reliance Bio Energy Complex,corporate_office|point_of_interest|establishment,https://maps.google.com/?cid=16509804902572382181&g_mp=CiVnb29nbGUubWFwcy5wbGFjZXMudjEuUGxhY2VzLkdldFBsYWNlEAIYBCAA,ChIJjeWgeQCLkDkR5VfUEBacHuU,Purvanchal Expressway,Lucknow-Ghazipur,North India,fuel_station,tier_2,premium_fuel_program,0.78,1098,Rejected false-positive Google match: fuel seed matched non-fuel Google place type | Standalone fuel operator often rated highly for washrooms,Standalone fuel operator often rated highly for washrooms,8e6711fc-96bc-42e0-825d-2ce265a8c0eb,2026-05-10T19:16:22.053+00:00,2026-05-10T19:24:58.239+00:00
,Reliance,Reliance SMART Bazaar,hypermarket|health_food_store|supermarket|asian_grocery_store|convenience_store|market|grocery_store|home_goods_store|food_store|store|food|point_of_interest|health|establishment,https://maps.google.com/?cid=12415532994070850652&g_mp=CiVnb29nbGUubWFwcy5wbGFjZXMudjEuUGxhY2VzLkdldFBsYWNlEAIYBCAA,ChIJVRDzE0vB1DsRXCy8UHrVTKw,Samruddhi Mahamarg,Mumbai-Nagpur,North & West India,fuel_station,tier_2,premium_fuel_program,0.78,1108,Rejected false-positive Google match: seed did not match resolved place name | Standalone fuel operator often rated highly for washrooms,Standalone fuel operator often rated highly for washrooms,9a20d543-32d7-4fe5-ba56-894351cb419f,2026-05-10T19:16:22.056+00:00,2026-05-10T19:16:22.056+00:00
,Reliance,Reliance SMART Bazaar,hypermarket|health_food_store|supermarket|asian_grocery_store|convenience_store|market|grocery_store|home_goods_store|food_store|store|food|point_of_interest|health|establishment,https://maps.google.com/?cid=13369628113662205709&g_mp=CiVnb29nbGUubWFwcy5wbGFjZXMudjEuUGxhY2VzLkdldFBsYWNlEAIYBCAA,ChIJLYUzFybB1DsRDV_pHe91irk,Samruddhi Mahamarg,Mumbai-Nagpur,North & West India,fuel_station,tier_2,premium_fuel_program,0.78,1291,Rejected false-positive Google match: seed did not match resolved place name | Standalone fuel operator often rated highly for washrooms,Standalone fuel operator often rated highly for washrooms,df9288a5-8499-4be7-8b17-8bf80537afa0,2026-05-10T19:16:22.056+00:00,2026-05-10T19:16:22.056+00:00
,Reliance,Reliance fashion factory,clothing_store|store|point_of_interest|establishment,https://maps.google.com/?cid=6651848850477820940&g_mp=CiVnb29nbGUubWFwcy5wbGFjZXMudjEuUGxhY2VzLkdldFBsYWNlEAIYBCAA,ChIJM7zO-2H9mzkRDCxSWEkdUFw,Agra-Lucknow Expressway,Agra-Lucknow,North India,fuel_station,tier_2,premium_fuel_program,0.78,1324,Rejected false-positive Google match: seed did not match resolved place name | Standalone fuel operator often rated highly for washrooms,Standalone fuel operator often rated highly for washrooms,f603838c-75c5-4e2b-ab30-1b3af7dee2db,2026-05-10T19:16:22.056+00:00,2026-05-10T19:16:22.056+00:00
,Reliance,Reliance SMART Bazaar,hypermarket|health_food_store|supermarket|asian_grocery_store|convenience_store|market|grocery_store|home_goods_store|food_store|store|food|point_of_interest|health|establishment,https://maps.google.com/?cid=12587014977286828859&g_mp=CiVnb29nbGUubWFwcy5wbGFjZXMudjEuUGxhY2VzLkdldFBsYWNlEAIYBCAA,ChIJnXQ1Ffm_1DsRO_Oz124Prq4,Samruddhi Mahamarg,Mumbai-Nagpur,North & West India,fuel_station,tier_2,premium_fuel_program,0.78,1551,Rejected false-positive Google match: seed did not match resolved place name | Standalone fuel operator often rated highly for washrooms,Standalone fuel operator often rated highly for washrooms,f4f8d5a7-bd17-4856-b8c6-3bbf72d78bd4,2026-05-10T19:16:22.056+00:00,2026-05-10T19:16:22.056+00:00
,Reliance,Reliance Smart Point,grocery_store|food_store|food|store|point_of_interest|establishment,https://maps.google.com/?cid=1319639897465497732&g_mp=CiVnb29nbGUubWFwcy5wbGFjZXMudjEuUGxhY2VzLkdldFBsYWNlEAIYBCAA,ChIJpbWZZgn_mzkRhCjdt35NUBI,Agra-Lucknow Expressway,Agra-Lucknow,North India,fuel_station,tier_2,premium_fuel_program,0.78,1569,Rejected false-positive Google match: seed did not match resolved place name | Standalone fuel operator often rated highly for washrooms,Standalone fuel operator often rated highly for washrooms,34f37ea3-41a8-4ff0-910d-8351e794f693,2026-05-10T19:16:22.056+00:00,2026-05-10T19:16:22.056+00:00
,Reliance,Reliance Jio Store,electronics_store|store|point_of_interest|establishment,https://maps.google.com/?cid=14782853833702656390&g_mp=CiVnb29nbGUubWFwcy5wbGFjZXMudjEuUGxhY2VzLkdldFBsYWNlEAIYBCAA,ChIJN6pODztxdDkRhkleJD0_J80,Agra-Lucknow Expressway,Agra-Lucknow,North India,fuel_station,tier_2,premium_fuel_program,0.78,1594,Rejected false-positive Google match: seed did not match resolved place name | Standalone fuel operator often rated highly for washrooms,Standalone fuel operator often rated highly for washrooms,88bd8076-c0e2-4a10-abc4-e4414ac2d0d0,2026-05-10T19:16:22.056+00:00,2026-05-10T19:16:22.056+00:00
,Reliance,Reliance SMART Superstore,hypermarket|health_food_store|supermarket|asian_grocery_store|convenience_store|market|grocery_store|home_goods_store|food_store|store|food|point_of_interest|health|establishment,https://maps.google.com/?cid=10703257390476694994&g_mp=CiVnb29nbGUubWFwcy5wbGFjZXMudjEuUGxhY2VzLkdldFBsYWNlEAIYBCAA,ChIJsRiH2wzFdjkR0hXwauObiZQ,NH-3,Agra-Gwalior,Central India,fuel_station,tier_2,premium_fuel_program,0.78,1679,Rejected false-positive Google match: seed did not match resolved place name | Standalone fuel operator often rated highly for washrooms,Standalone fuel operator often rated highly for washrooms,98670d28-4f26-4573-b21c-ba29a2fb8e45,2026-05-10T19:16:22.056+00:00,2026-05-10T19:16:22.056+00:00
,Reliance,IndusInd Nippon Life Insurance,insurance_agency|point_of_interest|service|establishment,https://maps.google.com/?cid=1485959503990008525&g_mp=CiVnb29nbGUubWFwcy5wbGFjZXMudjEuUGxhY2VzLkdldFBsYWNlEAIYBCAA,ChIJdwvOMRvEdjkRzarwwUswnxQ,NH-3,Agra-Gwalior,Central India,fuel_station,tier_2,premium_fuel_program,0.78,1783,Rejected false-positive Google match: seed did not match resolved place name | Standalone fuel operator often rated highly for washrooms,Standalone fuel operator often rated highly for washrooms,11a1f286-5e27-4bd9-a52b-bb08f5435c1b,2026-05-10T19:16:22.056+00:00,2026-05-10T19:16:22.056+00:00
,Reliance,Reliance SMART Bazaar,hypermarket|health_food_store|supermarket|asian_grocery_store|convenience_store|market|grocery_store|home_goods_store|food_store|store|food|point_of_interest|health|establishment,https://maps.google.com/?cid=16404074836473058025&g_mp=CiVnb29nbGUubWFwcy5wbGFjZXMudjEuUGxhY2VzLkdldFBsYWNlEAIYBCAA,ChIJu6tybezFdjkR6ZLmuCb7puM,NH-3,Agra-Gwalior,Central India,fuel_station,tier_2,premium_fuel_program,0.78,1821,Rejected false-positive Google match: seed did not match resolved place name | Standalone fuel operator often rated highly for washrooms,Standalone fuel operator often rated highly for washrooms,df71b35d-750e-48d4-9bea-bf9d5e6763c7,2026-05-10T19:16:22.056+00:00,2026-05-10T19:16:22.056+00:00
,Reliance,Reliance Jio Office,corporate_office|point_of_interest|establishment,https://maps.google.com/?cid=3028859322830232909&g_mp=CiVnb29nbGUubWFwcy5wbGFjZXMudjEuUGxhY2VzLkdldFBsYWNlEAIYBCAA,ChIJc-AZPxvEdjkRTR3tq4GrCCo,NH-3,Agra-Gwalior,Central India,fuel_station,tier_2,premium_fuel_program,0.78,1889,Rejected false-positive Google match: seed did not match resolved place name | Standalone fuel operator often rated highly for washrooms,Standalone fuel operator often rated highly for washrooms,a02253a8-3f0f-48fa-97bc-c90a93f1c201,2026-05-10T19:16:22.056+00:00,2026-05-10T19:16:22.056+00:00
,Shell Cafe,Panorama Cafe,south_indian_restaurant|chinese_restaurant|indian_restaurant|restaurant|food|point_of_interest|establishment,https://maps.google.com/?cid=12049147360725649439&g_mp=CiVnb29nbGUubWFwcy5wbGFjZXMudjEuUGxhY2VzLkdldFBsYWNlEAIYBCAA,ChIJUbCqNdUG6DsRH0hjeq8rN6c,Mumbai-Pune Expressway,Mumbai-Pune,North & West India,fuel_cafe,tier_2,premium_fuel_program,0.76,168,Rejected false-positive Google match: seed did not match resolved place name/type,Cafe-attached fuel stop restroom proxy,3c908370-17a9-4566-b663-4c964d734622,2026-05-10T02:53:25.822+00:00,2026-05-10T09:43:49.298+00:00
,Shell Cafe,Surkhi Cafe,cafe|food|point_of_interest|establishment,https://maps.google.com/?cid=9465366134769549347&g_mp=CiVnb29nbGUubWFwcy5wbGFjZXMudjEuUGxhY2VzLkdldFBsYWNlEAIYBCAA,ChIJ-5eOjSibXjkRI4Dzk1m8W4M,Sarkhej-Gandhinagar Highway,Ahmedabad-Gandhinagar,North & West India,fuel_cafe,tier_2,premium_fuel_program,0.76,441,Rejected false-positive Google match: seed did not match resolved place name/type,Cafe-attached fuel stop restroom proxy,47bd37d0-778b-4466-b784-146cbb3789fb,2026-05-10T02:53:25.822+00:00,2026-05-10T09:43:49.298+00:00
,Shell Cafe,Cafe 16 Satyanagar,cafe|food|point_of_interest|establishment,https://maps.google.com/?cid=1438076044100795165&g_mp=CiVnb29nbGUubWFwcy5wbGFjZXMudjEuUGxhY2VzLkdldFBsYWNlEAIYBCAA,ChIJ3cSPr5qnGToRHXug-IoS9RM,NH-16,Odisha corridor,East & Central India,fuel_cafe,tier_2,premium_fuel_program,0.76,477,Rejected false-positive Google match: seed did not match resolved place name/type,Cafe-attached fuel stop restroom proxy,81b21ee6-1ecf-48b2-b12f-73bb29e3fcb2,2026-05-10T02:53:25.822+00:00,2026-05-10T09:43:49.298+00:00
,Shell Cafe,"Cherrry bean Café, Shillong",cafe|food|point_of_interest|establishment,https://maps.google.com/?cid=2914740426527658841&g_mp=CiVnb29nbGUubWFwcy5wbGFjZXMudjEuUGxhY2VzLkdldFBsYWNlEAIYBCAA,ChIJRyV05z9_UDcRWdOml_k8cyg,NH-6,Guwahati-Shillong,North-East India,fuel_cafe,tier_2,premium_fuel_program,0.76,498,Rejected false-positive Google match: seed did not match resolved place name/type,Cafe-attached fuel stop restroom proxy,e5f62ad3-520a-4608-9d99-cff22b0d33ee,2026-05-10T02:53:25.822+00:00,2026-05-10T09:43:49.298+00:00
,Shell Cafe,Creamy Singh,cafe|brunch_restaurant|coffee_shop|fast_food_restaurant|dessert_shop|confectionery|food_store|restaurant|food|store|point_of_interest|establishment,https://maps.google.com/?cid=10106492358721077265&g_mp=CiVnb29nbGUubWFwcy5wbGFjZXMudjEuUGxhY2VzLkdldFBsYWNlEAIYBCAA,ChIJ67OD1n9HCTkREQDF9kB5QYw,NH-58,Delhi-Haridwar,North India,fuel_cafe,tier_2,premium_fuel_program,0.76,1011,Rejected false-positive Google match: seed did not match resolved place name/type,Cafe-attached fuel stop restroom proxy,80615995-4d18-42a6-ace3-cdbdf2ab9647,2026-05-10T02:53:25.822+00:00,2026-05-10T09:43:49.298+00:00
,Shell Cafe,Chill Cafe,cafe|food|point_of_interest|establishment,https://maps.google.com/?cid=9586375021995625848&g_mp=CiVnb29nbGUubWFwcy5wbGFjZXMudjEuUGxhY2VzLkdldFBsYWNlEAIYBCAA,ChIJT4bz7JRHCTkReA26rUqlCYU,NH-58,Delhi-Haridwar,North India,fuel_cafe,tier_2,premium_fuel_program,0.76,1027,Rejected false-positive Google match: seed did not match resolved place name/type,Cafe-attached fuel stop restroom proxy,7e0d90b5-d2ae-4b50-acc6-dca891e286e4,2026-05-10T02:53:25.822+00:00,2026-05-10T09:43:49.298+00:00
,Shell Cafe,THE HILLS CAFE,cafe|food|point_of_interest|establishment,https://maps.google.com/?cid=6163711305418362815&g_mp=CiVnb29nbGUubWFwcy5wbGFjZXMudjEuUGxhY2VzLkdldFBsYWNlEAIYBCAA,ChIJdbWzA5d_UDcRv0-FicbmiVU,NH-6,Guwahati-Shillong,North-East India,fuel_cafe,tier_2,premium_fuel_program,0.76,1261,Rejected false-positive Google match: seed did not match resolved place name/type,Cafe-attached fuel stop restroom proxy,6660c237-12f9-43a0-a624-4099f98b30f5,2026-05-10T02:53:25.822+00:00,2026-05-10T09:43:49.298+00:00
,Shell Cafe,Jungle Treat Cafe,cafe|food|point_of_interest|establishment,https://maps.google.com/?cid=18253141447759497798&g_mp=CiVnb29nbGUubWFwcy5wbGFjZXMudjEuUGxhY2VzLkdldFBsYWNlEAIYBCAA,ChIJl_f1vDtHCTkRRgqq_G8vUP0,NH-58,Delhi-Haridwar,North India,fuel_cafe,tier_2,premium_fuel_program,0.76,1356,Rejected false-positive Google match: seed did not match resolved place name/type,Cafe-attached fuel stop restroom proxy,107eeba5-6d10-4293-9c96-8c886381c571,2026-05-10T02:53:25.822+00:00,2026-05-10T09:43:49.298+00:00
,Shell Cafe,Z Square Roof Top Café,restaurant|food|point_of_interest|establishment,https://maps.google.com/?cid=223146934897991353&g_mp=CiVnb29nbGUubWFwcy5wbGFjZXMudjEuUGxhY2VzLkdldFBsYWNlEAIYBCAA,ChIJFRKgjIr9jDkRud5Pe_TGGAM,NH-19,Aurangabad Bihar,East & Central India,fuel_cafe,tier_2,premium_fuel_program,0.76,1398,Rejected false-positive Google match: seed did not match resolved place name/type,Cafe-attached fuel stop restroom proxy,2f215f41-c830-4074-86d9-dc77e361e090,2026-05-10T02:53:25.822+00:00,2026-05-10T09:43:49.298+00:00
,Shell Cafe,Cafe Creme New Panvel,coffee_shop|cafe|food_store|food|store|point_of_interest|establishment,https://maps.google.com/?cid=15688764753861657712&g_mp=CiVnb29nbGUubWFwcy5wbGFjZXMudjEuUGxhY2VzLkdldFBsYWNlEAIYBCAA,ChIJCQt8xWfo5zsRcMSXxmuwudk,NH-66,Panvel-Goa,North & West India,fuel_cafe,tier_2,premium_fuel_program,0.76,1468,Rejected false-positive Google match: seed did not match resolved place name/type,Cafe-attached fuel stop restroom proxy,be2147db-1fb1-411e-8761-e4286c163e75,2026-05-10T02:53:25.822+00:00,2026-05-10T09:43:49.298+00:00
,Shell Cafe,Cafe Shillong Bed and Breakfast,bed_and_breakfast|hotel|guest_house|lodging|point_of_interest|establishment,https://maps.google.com/?cid=6237452744122047426&g_mp=CiVnb29nbGUubWFwcy5wbGFjZXMudjEuUGxhY2VzLkdldFBsYWNlEAIYBCAA,ChIJ00XHh5d-UDcRwhuuLDnij1Y,NH-6,Guwahati-Shillong,North-East India,fuel_cafe,tier_2,premium_fuel_program,0.76,1556,Rejected false-positive Google match: seed did not match resolved place name/type,Cafe-attached fuel stop restroom proxy,54b1047a-6901-4826-842b-904e81c14b38,2026-05-10T02:53:25.822+00:00,2026-05-10T09:43:49.298+00:00
,Shell Cafe,Shillong Cafes and Restaurants,restaurant|food|point_of_interest|establishment,https://maps.google.com/?cid=9940614228293606152&g_mp=CiVnb29nbGUubWFwcy5wbGFjZXMudjEuUGxhY2VzLkdldFBsYWNlEAIYBCAA,ChIJ93XBhrt-UDcRCFuiFvkn9Ik,NH-6,Guwahati-Shillong,North-East India,fuel_cafe,tier_2,premium_fuel_program,0.76,1820,Rejected false-positive Google match: seed did not match resolved place name/type,Cafe-attached fuel stop restroom proxy,fd7aa672-7c1d-44ae-ac2e-f4595c3c840a,2026-05-10T02:53:25.822+00:00,2026-05-10T09:43:49.298+00:00
,Shell Select,Coorg Shell,private_guest_room|lodging|point_of_interest|service|establishment,https://maps.google.com/?cid=8712480725012836294&g_mp=CiVnb29nbGUubWFwcy5wbGFjZXMudjEuUGxhY2VzLkdldFBsYWNlEAIYBCAA,ChIJaeSLFQoApTsRxu_TBg_z6Hg,Bengaluru-Coorg route,Bengaluru-Coorg,South India,fuel_cafe,tier_2,premium_fuel_program,0.78,914,Rejected false-positive Google match: seed did not match resolved place name/type,Frequent road-tripper proxy for clean fuel station restrooms,93cb21f7-43e7-4d3e-8cf6-dfb864cdeed5,2026-05-10T02:53:25.822+00:00,2026-05-10T09:43:49.298+00:00
,Shell Select,IndianOil,gas_station|point_of_interest|service|establishment,https://maps.google.com/?cid=7616164081766823561&g_mp=CiVnb29nbGUubWFwcy5wbGFjZXMudjEuUGxhY2VzLkdldFBsYWNlEAIYBCAA,ChIJB1932O_1WjcRifbMVOEMsmk,NH-6,Guwahati-Shillong,North-East India,fuel_cafe,tier_2,premium_fuel_program,0.78,1138,Rejected false-positive Google match: seed did not match resolved place name/type,Frequent road-tripper proxy for clean fuel station restrooms,a376f33e-5cce-4847-a2ec-9e0bdfdf39aa,2026-05-10T02:53:25.822+00:00,2026-05-10T09:43:49.298+00:00
,Wild Bean Cafe,BETTER BEANS-KUDASAN,coffee_shop|cafe|food_store|store|food|point_of_interest|establishment,https://maps.google.com/?cid=11658535232723587673&g_mp=CiVnb29nbGUubWFwcy5wbGFjZXMudjEuUGxhY2VzLkdldFBsYWNlEAIYBCAA,ChIJs8wPtO8rXDkRWZLdSwZwy6E,Sarkhej-Gandhinagar Highway,Ahmedabad-Gandhinagar,North & West India,fuel_cafe,tier_2,premium_fuel_program,0.8,427,Rejected false-positive Google match: seed did not match resolved place name/type,Cafe inside Jio-bp mobility station,71a7d80c-362c-4d5a-a342-f4d41feb3e58,2026-05-10T02:53:25.822+00:00,2026-05-10T09:43:49.298+00:00
,Wild Bean Cafe,Cafe Chokolade,cafe|fast_food_restaurant|coffee_shop|vegetarian_restaurant|food_store|restaurant|food|store|point_of_interest|establishment,https://maps.google.com/?cid=367661708547839827&g_mp=CiVnb29nbGUubWFwcy5wbGFjZXMudjEuUGxhY2VzLkdldFBsYWNlEAIYBCAA,ChIJjTt9LLbp5zsRU9eBP2AyGgU,NH-66,Panvel-Goa,North & West India,fuel_cafe,tier_2,premium_fuel_program,0.8,627,Rejected false-positive Google match: seed did not match resolved place name/type,Cafe inside Jio-bp mobility station,4c3c7bd5-903d-4912-9649-f591714e652f,2026-05-10T02:53:25.822+00:00,2026-05-10T09:43:49.298+00:00
,Wild Bean Cafe,Open Up Cafe,cafe|food|point_of_interest|establishment,https://maps.google.com/?cid=2217663873577156755&g_mp=CiVnb29nbGUubWFwcy5wbGFjZXMudjEuUGxhY2VzLkdldFBsYWNlEAIYBCAA,ChIJ4ZzhaPF-UDcRk4DIF4u5xh4,NH-6,Guwahati-Shillong,North-East India,fuel_cafe,tier_2,premium_fuel_program,0.8,1458,Rejected false-positive Google match: seed did not match resolved place name/type,Cafe inside Jio-bp mobility station,c1d81810-f020-4f15-9c8a-f7c08d066220,2026-05-10T02:53:25.822+00:00,2026-05-10T09:43:49.298+00:00
,Wild Bean Cafe,Busy Beans,cafe|food|point_of_interest|establishment,https://maps.google.com/?cid=743745232985132014&g_mp=CiVnb29nbGUubWFwcy5wbGFjZXMudjEuUGxhY2VzLkdldFBsYWNlEAIYBCAA,ChIJoYQfcJibXjkR7gt4T1lQUgo,Sarkhej-Gandhinagar Highway,Ahmedabad-Gandhinagar,North & West India,fuel_cafe,tier_2,premium_fuel_program,0.8,1732,Rejected false-positive Google match: seed did not match resolved place name/type,Cafe inside Jio-bp mobility station,60823498-1365-427d-9fc0-ba536ec1cc2e,2026-05-10T02:53:25.822+00:00,2026-05-10T09:43:49.298+00:00
,Wild Bean Cafe,BreadCafe,cafe|pastry_shop|cake_shop|bakery|indian_restaurant|coffee_shop|dessert_shop|confectionery|chinese_restaurant|manufacturer|wholesaler|restaurant|food_store|store|food|point_of_interest|establishment,https://maps.google.com/?cid=13955154878624602958&g_mp=CiVnb29nbGUubWFwcy5wbGFjZXMudjEuUGxhY2VzLkdldFBsYWNlEAIYBCAA,ChIJmyRum7t-UDcRTpv6rWyrqsE,NH-6,Guwahati-Shillong,North-East India,fuel_cafe,tier_2,premium_fuel_program,0.8,1889,Rejected false-positive Google match: seed did not match resolved place name/type,Cafe inside Jio-bp mobility station,bff9fba7-c903-45dd-b9a1-d46fee56867f,2026-05-10T02:53:25.822+00:00,2026-05-10T09:43:49.298+00:00
,Wild Bean Cafe,Coorg Wilderness Resort & Spa,resort_hotel|hotel|lodging|bar|restaurant|food|point_of_interest|establishment,https://maps.google.com/?cid=12055605548969547124&g_mp=CiVnb29nbGUubWFwcy5wbGFjZXMudjEuUGxhY2VzLkdldFBsYWNlEAIYBCAA,ChIJLRr5P5irpTsRdNWOml8dTqc,Bengaluru-Coorg route,Bengaluru-Coorg,South India,fuel_cafe,tier_2,premium_fuel_program,0.8,1983,Rejected false-positive Google match: seed did not match resolved place name/type,Cafe inside Jio-bp mobility station,6a1e780a-8d11-4c00-bd86-90ec4e02c78b,2026-05-10T02:53:25.822+00:00,2026-05-10T09:43:49.298+00:00
